"CreditMemo No","Invoice Number","Return Date","Seller Sku","Product Name"
"R-AZ-00001-2019-EU","AZ-06456-2018-EU","2019-01-02 03:07:52","RO-ZS9W-VM4P","Cooler Master G750M PC Netzteil 'Semi-Modular, 80 Plus Bronze, 750W' RS750-AMAAB1-EU"
"R-AZ-00002-2019-EU","AZ-06164-2018-EU","2019-01-02 03:31:46","RO-ZS9W-VM4P","Cooler Master G750M PC Netzteil 'Semi-Modular, 80 Plus Bronze, 750W' RS750-AMAAB1-EU"
"R-AZ-00003-2019-EU","AZ-08005-2018-EU","2019-01-02 08:46:52","NJ-HPAB-I799","Samsung 4 GB (1 x 4 GB) DDR3 1600 MHz (PC3 12800S portátil) So DIMM Memoria RAM Memory"
"R-AZ-00004-2019-EU","AZ-07393-2018-EU","2019-01-02 09:13:52","RO-V16N-9YTW","Cooler Master V650 PC Netzteil 'Voll-modular, 80 Plus Gold, 650W' RS650-AFBAG1-EU"
"R-AZ-00005-2019-EU","AZ-08286-2018-EU","2019-01-02 12:17:40","KVR800D2S6-2G","Kingston Simm Memoria RAM, SO DDRII, PC800, 2GB, CL6, Nero"
"R-AZ-00006-2019-EU","AZ-06354-2018-EU","2019-01-02 13:43:28","RO-ZS9W-VM4P","Cooler Master G750M Alimentatore  'Semi-Modulare, 80 Plus Bronze, 750W' RS750-AMAAB1-EU"
"R-AZ-00007-2019-EU","AZ-07142-2018-EU","2019-01-02 14:03:36","HTS721010A9E630","HGST HTS721010A9E630 HDD 2,5&quot;, 1 TB, Nero"
"R-AZ-00008-2019-EU","AZ-07194-2018-EU","2019-01-02 15:32:19","RO-ZS9W-VM4P","Cooler Master G750M Alimentation PC 'Modulaire, 80 Plus Bronze, 750W' RS750-AMAAB1-UK"
"R-AZ-00009-2019-EU","AZ-07365-2018-EU","2019-01-02 18:20:41","SGK-3040-KKMF1-IT","Cooler Master Masterkeys LITE L Tastiera, Nero"
"R-AZ-00010-2019-EU","AZ-03269-2018-EU","2019-01-02 18:54:04","KVR1333D3N9/4G","Kingston CL9 Arbeitsspeicher 4GB (1333 MHz) DDR3-RAM"
"R-AZ-00011-2019-EU","AZ-04950-2018-EU","2019-01-02 19:51:56","WS-1OG6-8H52","Cooler Master MasterWatt Lite 700 230V Alimentatore  'Non-Modulare, 80 Plus White, 700W' MPX-7001-ACABW-EU"
"R-AZ-00012-2019-EU","AZ-07225-2018-EU","2019-01-02 22:01:55","DIMMDDR2_667_2X2GB","Kingston 4Gb 667Mhz Ddr2 Non-Ecc Cl5 Dimm"
"R-AZ-00013-2019-EU","AZ-00048-2019-EU","2019-01-03 01:34:51","OH-IQ21-OV41","Samsung 4GB DDR3 1333MHz Unbuffered SODIMM 4GB DDR3 1333MHz módulo de - Memoria (4 GB, 1 x 4 GB, DDR3, 1333 MHz, 204-pin SO-DIMM)"
"R-AZ-00014-2019-EU","AZ-08178-2018-EU","2019-01-03 01:37:18","BK-6EEZ-WJYP","Cooler Master - SGS-4140-KXXL1- Swift-RX Extra Large Tapis de souris 'Faible friction- Haute Précision Maille- Base anti-dérapante- Bords cousus'"
"R-AZ-00015-2019-EU","AZ-07543-2018-EU","2019-01-03 01:50:28","EFC-1H8SPECSTD","Samsung Original Diarytasche für Samsung Galaxy Tab 2 (10.1 Zoll) berry pink"
"R-AZ-00016-2019-EU","AZ-07761-2018-EU","2019-01-03 02:32:58","RR-V8VC-16PR-R2","Cooler Master V8 Ver.2 Ventilateurs de processeur '8 Heatpipes, 1x ventilateur 140mm PWM, 4-Pin Connector' RR-V8VC-16PR-R2"
"R-AZ-00017-2019-EU","AZ-08213-2018-EU","2019-01-03 02:46:19","ST9500420AS","Seagate Momentus ST9500420AS 500Go 2.5&quot;"
"R-AZ-00018-2019-EU","AZ-07030-2018-EU","2019-01-03 05:49:41","QO-RN20-M4XY","Cooler Master MasterWatt 750 EU Alimentation PC 'Semi-Fanless Modular, 80 Plus Bronze, 750W' MPX-7501-AMAAB-EU"
"R-AZ-00019-2019-EU","AZ-07970-2018-EU","2019-01-03 07:58:47","HMT351S6EFR8C-PB","Hynix 4 GB 204 pin DDR3 - 1600 SO-DIMM originale (1600 MHz, PC3 - 12800S) HMT351S6EFR8 C - Pb N0 AA"
"R-AZ-00020-2019-EU","AZ-07686-2018-EU","2019-01-03 13:38:49","MASTERBOX5_MSI","Cooler Master MasterBox 5 MSI Gaming Edition Case per PC 'ATX, microATX, Mini-ITX, USB 3.0, con Finestra Laterale' MCX-B5S2-KWNN-03-MI"
"R-AZ-00021-2019-EU","AZ-07045-2018-EU","2019-01-03 14:47:36","WD5000AAKX","WD Blue Disque dur interne (Bulk) Desktop Mainstream 500 Go 3,5 pouces SATA 7200 RPM"
"R-AZ-00022-2019-EU","AZ-06384-2018-EU","2019-01-03 21:44:23","ST3500312CS","Seagate ST3500312CS HDD, 500GB, Nero"
"R-AZ-00023-2019-EU","AZ-07877-2018-EU","2019-01-04 03:05:16","6G-5UKX-IA09","Toshiba MK3276GSX 320GB interne Festplatte (6,3 cm (2,5 Zoll), 5400rpm, 8MB Cache, SATA)"
"R-AZ-00024-2019-EU","AZ-07716-2018-EU","2019-01-04 03:57:26","M8-FAVN-34Q4","Nanya Hynix Elpida Micron Samsung Memoria RAM da 4GB (1 x 4GB) DDR3 1333MHz (PC3 10600S) SO DIMM per PC portatile"
"R-AZ-00025-2019-EU","AZ-08341-2018-EU","2019-01-04 04:11:21","HMT351S6EFR8C-PB","Hynix 4 GB 204 pin DDR3 - 1600 SO-DIMM originale (1600 MHz, PC3 - 12800S) HMT351S6EFR8 C - Pb N0 AA"
"R-AZ-00026-2019-EU","AZ-05153-2018-EU","2019-01-04 05:07:12","ST500DM002","Seagate Desktop HDD  500 GB; interne Festplatte; 3.5&quot;, SATA; 6GB/s, 16 MB Cache - ST500DM002"
"R-AZ-00027-2019-EU","AZ-06778-2018-EU","2019-01-04 15:24:15","RO-ZS9W-VM4P","Cooler Master G750M PC Netzteil 'Semi-Modular, 80 Plus Bronze, 750W' RS750-AMAAB1-EU"
"R-AZ-00028-2019-EU","AZ-07360-2018-EU","2019-01-04 17:50:16","KVR667D2S5-2G","Kingston 2Gb 667Mhz Ddr2 Cl5 Sodimm"
"R-AZ-00029-2019-EU","AZ-05922-2018-EU","2019-01-04 18:09:08","HN-X0DG-WSJ2","Cooler Master CM Storm MasterKeys Lite L Combo RGB USB Italiano Nero"
"R-AZ-00030-2019-EU","AZ-07510-2018-EU","2019-01-04 20:29:27","HTS547575A9E384","Hitachi Travelstar 0J11563 750GB interne Festplatte (6,4 cm (2,5 Zoll), 5400rpm, 8MB Cache, SATA II)"
"R-AZ-00031-2019-EU","AZ-07260-2018-EU","2019-01-04 21:02:23","KVR667D2S5-2G","Kingston KVR667D2S5/2G RAM 2Go 667MHz DDR2 Non-ECC CL5 SODIMM, 200-pin, 1.8V"
"R-AZ-00032-2019-EU","AZ-07247-2018-EU","2019-01-04 21:21:57","EBJ40UG8BBU0-GN-F-4G","Barrette Mémoire RAM Sodimm 4Go DDR3 PC3-12800S Elpida EBJ40UG8BBU0-GN-F CL11"
"R-AZ-00033-2019-EU","AZ-05276-2018-EU","2019-01-04 21:40:23","JZ-LIBE-6PL5","Cooler Master MasterLiquid Lite 120 CPU Liquid Cooler '120mm Radiator , 1x MasterFan Pro 120 AB PWM Fan, White LED' MLW-D12M-A20PW-R1"
"R-AZ-00034-2019-EU","AZ-04281-2018-EU","2019-01-07 05:10:59","WD5000AAKX","WD Blue Disque dur interne (Bulk) Desktop Mainstream 500 Go 3,5 pouces SATA 7200 RPM"
"R-AZ-00035-2019-EU","AZ-08416-2018-EU","2019-01-07 05:41:07","BK-6EEZ-WJYP","Cooler Master - SGS-4140-KXXL1- Swift-RX Extra Large Tapis de souris 'Faible friction- Haute Précision Maille- Base anti-dérapante- Bords cousus'"
"R-AZ-00036-2019-EU","AZ-07549-2018-EU","2019-01-07 07:00:02","RO-ZS9W-VM4P","Cooler Master G750M Alimentation PC 'Modulaire, 80 Plus Bronze, 750W' RS750-AMAAB1-UK"
"R-AZ-00037-2019-EU","AZ-07652-2018-EU","2019-01-07 07:59:37","WD5000AAKX","WD Blue Disque dur interne (Bulk) Desktop Mainstream 500 Go 3,5 pouces SATA 7200 RPM"
"R-AZ-00038-2019-EU","AZ-06233-2018-EU","2019-01-07 10:21:23","CT2C2G3S1067MCEU","Crucial CT2C2G3S1067MCEU  4Go Kit (2Gox2) (DDR3, 1066 MT/s, PC3-8500, SODIMM, 204-Pin) Mémoire pour Mac"
"R-AZ-00039-2019-EU","AZ-08223-2018-EU","2019-01-07 12:24:21","ST3500312CS","Seagate Pipeline HD - Disco duro interno de 500 GB (3.5&quot;, 5900 rpm, Serial ATA-300)"
"R-AZ-00040-2019-EU","AZ-07795-2018-EU","2019-01-07 12:49:23","EBJ40UG8BBU0-GN-F-4G","Barrette Mémoire RAM Sodimm 4Go DDR3 PC3-12800S Elpida EBJ40UG8BBU0-GN-F CL11"
"R-AZ-00041-2019-EU","AZ-07982-2018-EU","2019-01-07 13:36:14","6G-5UKX-IA09","Toshiba 320GB 2.5&quot; SATA disque dur 320 Go - Disques durs (2.5&quot;, 320 Go, 5400 tr/min, SATA, 8 Mo)"
"R-AZ-00042-2019-EU","AZ-05438-2018-EU","2019-01-07 13:40:24","EF-BT210BGEGWW","Samsung EFBT210 Etui à rabat pour Samsung Galaxy Tab 3 7'' Vert"
"R-AZ-00043-2019-EU","AZ-07064-2018-EU","2019-01-07 17:16:26","RO-ZS9W-VM4P","Cooler Master G750M Alimentatore  'Semi-Modulare, 80 Plus Bronze, 750W' RS750-AMAAB1-EU"
"R-AZ-00044-2019-EU","AZ-07736-2018-EU","2019-01-07 17:24:13","B9-O7UZ-HR7U","Cooler Master MasterWatt Lite 400 230V Alimentatore  'Non-Modulare, 80 Plus White, 400W' MPX-4001-ACABW-EU"
"R-AZ-00045-2019-EU","AZ-06910-2018-EU","2019-01-07 17:56:28","RO-ZS9W-VM4P","Cooler Master G750M Alimentation PC 'Modulaire, 80 Plus Bronze, 750W' RS750-AMAAB1-UK"
"R-AZ-00046-2019-EU","AZ-08119-2018-EU","2019-01-07 18:18:49","KVR800D2S6-2G","Kingston KVR800D2S6/2G - Memoria RAM de 2 GB DDR2, 800 MHz"
"R-AZ-00047-2019-EU","AZ-07214-2018-EU","2019-01-07 19:18:27","GX-3ZD5-6QX3","Hynix - Modulo di memoria Ram, 2 GB DDR3-1333 SO-DIMM (PC3-10600S, CL9), 204 poli"
"R-AZ-00048-2019-EU","AZ-07658-2018-EU","2019-01-07 20:41:08","WD5000AAKX","WD Blue - Disco duro para ordenadores de sobremesa de 500 GB (7200 rpm, SATA a 6 Gb/s, 16 MB de caché, 3,5&quot;)"
"R-AZ-00049-2019-EU","AZ-07531-2018-EU","2019-01-07 21:23:44","KVR1333D3S9/2G","Kingston KVR1333D3S9/2G - Memoria RAM 2 GB PC1333 (DDR3)"
"R-AZ-00050-2019-EU","AZ-08515-2018-EU","2019-01-08 05:53:52","MFY-RCSN-NNUDK-R1","Cooler Master MasterAccessory RGB Fan Controller Case Accessory '16.7 Million Colors, 4 Output Channels, Mirage Mode' MFY-RCSN-NNUDK-R1 - Black"
"R-AZ-00051-2019-EU","AZ-07616-2018-EU","2019-01-08 05:54:01","MLY-D12X-A20MB-R1","Cooler Master MasterLiquid Pro 120 CPU Liquid Cooler '120mm Radiator , 2x MasterFan Pro 120 AB PWM Fan, Blue LED' MLY-D12X-A20MB-R1"
"R-AZ-00052-2019-EU","AZ-07717-2018-EU","2019-01-08 05:56:26","KVR800D2S6-2G","Kingston KVR800D2S6/2G Arbeitsspeicher 2GB (DDR2 Non-ECC CL6 SODIMM, 200-pin, 1.8V)"
"R-AZ-00053-2019-EU","AZ-06241-2018-EU","2019-01-08 06:57:03","RO-ZS9W-VM4P","Cooler Master G750M Alimentatore  'Semi-Modulare, 80 Plus Bronze, 750W' RS750-AMAAB1-EU"
"R-AZ-00054-2019-EU","AZ-07486-2018-EU","2019-01-08 08:20:16","MASTERBOX5_MSI","Cooler Master MasterBox 5 MSI Gaming Edition Boîtier PC 'ATX, microATX, Mini-ITX, USB 3.0, Fenêtre latérale' MCX-B5S2-KWNN-03-MI"
"R-AZ-00055-2019-EU","AZ-06968-2018-EU","2019-01-08 09:38:48","WD10EARS","Western Digital WD10EARS Caviar Green 1TB interne Festplatte(8,9 cm (3,5 Zoll), 5400rpm, 8.9 ms, 64MB Cache, SATA)"
"R-AZ-00056-2019-EU","AZ-06111-2018-EU","2019-01-08 11:07:11","KVR1333D3N9/4G","Kingston KVR1333D3N9/4G Mémoire DIMM 1333 4 Go KVR + CL9"
"R-AZ-00057-2019-EU","AZ-08269-2018-EU","2019-01-08 12:50:53","ST3500312CS","Seagate ST3500312CS HDD, 500GB, Nero"
"R-AZ-00058-2019-EU","AZ-06664-2018-EU","2019-01-08 12:55:11","JZ-LIBE-6PL5","Cooler Master MasterLiquid Lite 120 CPU Water Cooler 'Radiateur de 120mm, 1x MasterFan Pro 120 AB PWM Ventilateur, LED Blanche' MLW-D12M-A20PW-R1"
"R-AZ-00059-2019-EU","AZ-04711-2018-EU","2019-01-08 18:08:38","XI-Q1EG-4NMH","HGST  1W10098 - Disco duro interno Travelstar Z7K500 de 500 GB (6,4 cm (2,5 Zoll), 7200rpm, SATA III)"
"R-AZ-00060-2019-EU","AZ-08472-2018-EU","2019-01-08 18:55:13","KVR1333D3S9/2G","Kingston KVR1333D3S9/2G - Memoria RAM 2 GB PC1333 (DDR3)"
"R-AZ-00061-2019-EU","AZ-07278-2018-EU","2019-01-08 20:14:19","WD5000AAKX","WD Blue Disque dur interne (Bulk) Desktop Mainstream 500 Go 3,5 pouces SATA 7200 RPM"
"R-AZ-00062-2019-EU","AZ-07939-2018-EU","2019-01-08 21:31:01","NJ-HPAB-I799","Samsung - Memoria RAM da 4GB (1 x 4GB) DDR3 1600MHz (PC3 12800S) SO Dimm per PC portatile"
"R-AZ-00063-2019-EU","AZ-07248-2018-EU","2019-01-09 01:21:01","HYNIX_4GB_1333","Hynix 4 GB DDR3 1333 MHz 4 GB DDR3 1333 MHz Speicher Modul - 1 x 4 GB, DDR3, 1333 MHz, 204-Pin SO-DIMM Arbeitsspeicher (4GB,)"
"R-AZ-00064-2019-EU","AZ-08481-2018-EU","2019-01-09 02:27:23","NJ-HPAB-I799","Samsung - Memoria RAM da 4GB (1 x 4GB) DDR3 1600MHz (PC3 12800S) SO Dimm per PC portatile"
"R-AZ-00065-2019-EU","AZ-03561-2018-EU","2019-01-09 02:54:02","KVR1333D3N9/4G","Kingston CL9 Arbeitsspeicher 4GB (1333 MHz) DDR3-RAM"
"R-AZ-00066-2019-EU","AZ-04969-2018-EU","2019-01-09 05:43:09","COPPIA_DIMMDDR2_800_2GB","4GB (2 x 2GB) DDR2 800MHz (PC2 6400U) LO Dimm Computer PC Desktop Arbeitsspeicher RAM Memory Samsung Hynix Micron"
"R-AZ-00067-2019-EU","AZ-08430-2018-EU","2019-01-09 14:53:11","RO-V16N-9YTW","Cooler Master V650 PC Netzteil 'Voll-modular, 80 Plus Gold, 650W' RS650-AFBAG1-EU"
"R-AZ-00068-2019-EU","AZ-00014-2019-EU","2019-01-09 15:44:39","KVR667D2S5-2G","Kingston KVR667D2S5/2G - Memoria RAM de 2 GB, DDR2, 667 MHz"
"R-AZ-00069-2019-EU","AZ-06905-2018-EU","2019-01-10 08:43:59","ST1000LM024","Seagate 1TB 2,5 Zoll 5400RPM SATA II Festplatte"
"R-AZ-00070-2019-EU","AZ-06631-2018-EU","2019-01-10 14:27:46","HYNIX_4GB_12800","Hynix 4GB PC3-12800 4GB DDR3 1600MHz módulo de - Memoria (4 GB, 1 x 4 GB, DDR3, 1600 MHz, 204-pin SO-DIMM)"
"R-AZ-00071-2019-EU","AZ-07336-2018-EU","2019-01-10 14:57:32","VY-KYP6-TJ83","Cooler Master V750 Alimentatore  'Modulare, 80 Plus Gold, 750W' RS750-AFBAG1-EU"
"R-AZ-00072-2019-EU","AZ-07873-2018-EU","2019-01-10 18:36:02","M8-FAVN-34Q4","Nanya Hynix Elpida Micron Samsung 4GB (1x 4GB) DDR3 1333MHz (PC3 10600S) SO Dimm Notebook Laptop Arbeitsspeicher RAM Memory"
"R-AZ-00073-2019-EU","AZ-07687-2018-EU","2019-01-10 18:47:03","RS550-AFBAG1-EU","Cooler Master V550 Alimentatore  'Modulare, 80 Plus Gold, 550W' RS550-AFBAG1-EU"
"R-AZ-00074-2019-EU","AZ-07134-2018-EU","2019-01-11 02:30:49","WD5000AAKX","WD WD5000AAKX Blu Hard Disk Desktop da 500 GB, 7200 RPM, SATA 6 GB/s, 16 MB Cache, 3.5 &quot;"
"R-AZ-00075-2019-EU","AZ-08288-2018-EU","2019-01-11 02:52:04","8I-2ADI-X42Q","Elpida Dual Channel Kit Lot de 2 barrettes mémoire DDR3 SO-DIMM (1066 Mhz / 1067 MHz PC3-8500S, CL7, pour Apple et Notebook) - Apple ID 0x02FE - 2 x"
"R-AZ-00076-2019-EU","AZ-07192-2018-EU","2019-01-11 10:02:07","RO-ZS9W-VM4P","Cooler Master G750M Alimentation PC 'Modulaire, 80 Plus Bronze, 750W' RS750-AMAAB1-UK"
"R-AZ-00077-2019-EU","AZ-07369-2018-EU","2019-01-11 10:24:25","KVR13S9S8/4GB","Kingston KVR13S9S8/4 - Memoria RAM de 4 GB (1333 MHz, DDR3, Non-ECC, CL9, SODIMM 204-pin, 1.5 V)"
"R-AZ-00078-2019-EU","AZ-08539-2018-EU","2019-01-11 11:07:00","SGK-3040-KKMF1-IT","Cooler Master Masterkeys LITE L Tastiera, Nero"
"R-AZ-00079-2019-EU","AZ-08002-2018-EU","2019-01-11 13:08:22","KVR1333D3N9-4","Kingston KVR1333D3N9/4 G 4096MB DDR3 DIMM PC3-10600, A"
"R-AZ-00080-2019-EU","AZ-00345-2019-EU","2019-01-11 13:24:29","KVR13S9S6-2G","Kingston KVR13S9S6/2 Memoria RAM da 2 GB, 1333 MHz, DDR3, Non-ECC CL9 SODIMM, 204-pin, 1.5 V"
"R-AZ-00081-2019-EU","AZ-00049-2019-EU","2019-01-11 15:50:06","SGK-3040-KKMF1-IT","Cooler Master Masterkeys LITE L Tastiera, Nero"
"R-AZ-00082-2019-EU","AZ-08198-2018-EU","2019-01-12 08:39:45","BK-6EEZ-WJYP","Cooler Master SGS-4140-KXXL1 Swift-RX Mouse Pad, Black, X-Large"
"R-AZ-00083-2019-EU","AZ-08124-2018-EU","2019-01-12 09:37:53","10-KO5C-JEVD","Western Digital Blue 500 GB Laptop Hard Disk Drive (5400 RPM, SATA 6 Gb/s, 2.5 inch) - Component Boxed"
"R-AZ-00084-2019-EU","AZ-04486-2018-EU","2019-01-13 23:38:17","KVR667D2S5-2G","Kingston KVR(677D2S5/2G - Memoria RAM de 2 GB (677 MHz DDR2 Non-ECC CL5 SODIMM, 200-pin, 1.8V)"
"R-AZ-00085-2019-EU","AZ-07653-2018-EU","2019-01-14 04:06:18","KVR800D2S6-2G","Kingston KVR800D2S6/2G - Memoria RAM de 2 GB DDR2, 800 MHz"
"R-AZ-00086-2019-EU","AZ-08528-2018-EU","2019-01-14 10:44:23","10-KO5C-JEVD","WD Blue 500 GB interne mobile Festplatte Slim Version 7 mm Höhe (6,35 cm (2,5 Zoll), 5400rpm, 8MB Cache, SATA) WD5000LPVX"
"R-AZ-00087-2019-EU","AZ-02567-2018-EU","2019-01-14 15:35:59","M471B5173DB0-YK0","Samsung M471B5173DB0-YK0 - Memoria RAM interna de 4 GB (1x4GB - DDR3, 1600 MHz) color verde"
"R-AZ-00088-2019-EU","AZ-00013-2019-EU","2019-01-14 20:48:48","4V-SC80-T3LC","Philips-Licht TORNADO ES 8YRT Energiesparlampe 8W E27 230V warmton-ws T2"
"R-AZ-00089-2019-EU","AZ-00548-2019-EU","2019-01-14 21:59:38","WD5000AAKX","WD Caviar Blue 500GB SATAIII 6Gb/s 16MB Cache 3.5 inch Internal Hard Drive OEM"
"R-AZ-00090-2019-EU","AZ-07741-2018-EU","2019-01-15 01:56:39","N5-W34Y-7EJL","Cooler Master Masterpulse Bianco con Bass FX Over-Ear Gaming Headset"
"R-AZ-00091-2019-EU","AZ-04479-2018-EU","2019-01-15 03:37:01","KVR800D2S6-2G","Kingston KVR800D2S6/2G - Memoria RAM de 2 GB DDR2, 800 MHz"
"R-AZ-00092-2019-EU","AZ-08533-2018-EU","2019-01-15 09:01:38","WD5000AVDS","Western Digital WD5000AVDS AV-GP 500 GB interne Festplatte (8,9 cm (3,5 Zoll), 7200rpm, 4,2ms, 32MB Cache, SATA)"
"R-AZ-00093-2019-EU","AZ-08318-2018-EU","2019-01-15 12:36:30","KVR1333D3S9/2G","Kingston KVR1333D3S9/2G - Memoria RAM 2 GB PC1333 (DDR3)"
"R-AZ-00094-2019-EU","AZ-08549-2018-EU","2019-01-15 17:10:28","KVR800D2S6-2G","Kingston Simm Memoria RAM, SO DDRII, PC800, 2GB, CL6, Nero"
"R-AZ-00095-2019-EU","AZ-08054-2018-EU","2019-01-15 21:17:00","HYNIX_4GB_12800","Hynix 4 GB PC3 - 12800 4 GB DDR3 1600 MHZ Modul Speicher- - Module Arbeitsspeicher (4 GB, DDR3, 1600 MHz, Laptop, 204-pin DIMM, 1 x 4 GB)"
"R-AZ-00096-2019-EU","AZ-08285-2018-EU","2019-01-16 03:20:28","ST950032AS","Seagate ST9500325AS Momentus 5400.6 HardDisk"
"R-AZ-00097-2019-EU","AZ-06651-2018-EU","2019-01-16 03:29:22","RO-V16N-9YTW","Cooler Master V650 Alimentatore  'Modulare, 80 Plus Gold, 650W' RS650-AFBAG1-EU"
"R-AZ-00098-2019-EU","AZ-07536-2018-EU","2019-01-16 04:30:31","HDS721010CLA632","Hitachi HDS721010CLA632 1000GB Serial ATA III disco rigido interno"
"R-AZ-00099-2019-EU","AZ-04937-2018-EU","2019-01-16 08:03:35","KVR1333D3S9/2G","Kingston Memoria RAM, 1333 MHz, DDR3, Non-ECC CL9 SODIMM, 204-pin, 1.5 V, 2 GB"
"R-AZ-00100-2019-EU","AZ-00070-2019-EU","2019-01-16 10:15:44","M8-FAVN-34Q4","Nanya 4 GB (1 x 4 GB) DDR3 1333 MHz (PC3 10600S portátil) So DIMM Memoria RAM Memory"
"R-AZ-00101-2019-EU","AZ-08354-2018-EU","2019-01-16 10:23:35","KVR13S9S8/4GB","Kingston KVR13S9S8/4 - Memoria RAM de 4 GB (1333 MHz, DDR3, Non-ECC, CL9, SODIMM 204-pin, 1.5 V)"
"R-AZ-00102-2019-EU","AZ-08151-2018-EU","2019-01-16 14:07:21","K0-7WX2-SND6","HOME Energiesparlampe Tornado 20 Watt dimmbar - Philips"
"R-AZ-00103-2019-EU","AZ-04573-2018-EU","2019-01-16 16:30:17","HMT351S6EFR8A-PB","Hynix HMT351S6EFR8A-PB 4GB DDR3 1600MHz memoria"
"R-AZ-00104-2019-EU","AZ-07663-2018-EU","2019-01-16 18:31:51","RR-V8VC-16PR-R2","Cooler Master V8 Ver.2 Ventola per CPU '8 Heatpipes, 1x Ventola da 140mm PWM , Connettore da 4-Pin' RR-V8VC-16PR-R2"
"R-AZ-00105-2019-EU","AZ-06521-2018-EU","2019-01-17 03:10:56","N5-W34Y-7EJL","Cooler Master MasterPulse Over-Ear Headset - White"
"R-AZ-00106-2019-EU","AZ-07226-2018-EU","2019-01-17 07:10:50","RR-V8VC-16PR-R2","Cooler Master V8 Ver.2 Ventilateurs de processeur '8 Heatpipes, 1x ventilateur 140mm PWM, 4-Pin Connector' RR-V8VC-16PR-R2"
"R-AZ-00107-2019-EU","AZ-08108-2018-EU","2019-01-17 08:56:47","NJ-HPAB-I799","Samsung - Memoria RAM da 4GB (1 x 4GB) DDR3 1600MHz (PC3 12800S) SO Dimm per PC portatile"
"R-AZ-00108-2019-EU","AZ-00289-2019-EU","2019-01-17 09:07:25","6G-5UKX-IA09","Toshiba MK3276GSX 320GB interne Festplatte (6,3 cm (2,5 Zoll), 5400rpm, 8MB Cache, SATA)"
"R-AZ-00109-2019-EU","AZ-00593-2019-EU","2019-01-17 12:18:48","HMT351S6EFR8C-PB","Hynix original 4 GB 204 pin DDR3-1600 SO-DIMM(1600 mhz, PC3-12800S) HMT351S6EFR8C - PB N0 AA"
"R-AZ-00110-2019-EU","AZ-07757-2018-EU","2019-01-17 12:43:27","HD103UJ","Samsung Spinpoint F1 HD103UJ 1TB 8,9 cm (3,5 Zoll) SATA II Festplatte (7200RPM, 32MB Cache)"
"R-AZ-00111-2019-EU","AZ-07559-2018-EU","2019-01-17 14:15:18","WD5000AAKX","WD WD5000AAKX Blu Hard Disk Desktop da 500 GB, 7200 RPM, SATA 6 GB/s, 16 MB Cache, 3.5 &quot;"
"R-AZ-00112-2019-EU","AZ-08395-2018-EU","2019-01-17 15:54:52","ST500DM002","Seagate ST500DM002 Barracuda Disque dur interne 3,5&quot; SATA III 7200 tours / min 500 Go"
"R-AZ-00113-2019-EU","AZ-00398-2019-EU","2019-01-17 16:47:00","FE-KVUJ-3W0L","Zyxel - Router Switch 24 Ports Manageable"
"R-AZ-00114-2019-EU","AZ-08399-2018-EU","2019-01-17 16:56:12","KVR13N9S6-2","Kingston KVR13N9S6/2 Memoria RAM da 2 GB, 1333 MHz, DDR3, Non-ECC CL9 DIMM, 240-pin, 1.5 V"
"R-AZ-00115-2019-EU","AZ-00380-2019-EU","2019-01-17 18:51:19","4V-SC80-T3LC","Philips-Licht TORNADO ES 8YRT Energiesparlampe 8W E27 230V warmton-ws T2"
"R-AZ-00116-2019-EU","AZ-08114-2018-EU","2019-01-17 21:18:41","8I-2ADI-X42Q","Elpida - Modulo RAM da 4 Gb, a doppio canale (2 x 2 GB), 204 pin, DDR3- SO-DIMM (1066/1067 Mhz, PC3-8500S, CL7), per Apple e Notebook, Apple ID 0x02FE"
"R-AZ-00117-2019-EU","AZ-00009-2019-EU","2019-01-17 21:27:00","KVR667D2S5-2G","Kingston 2Gb 667Mhz Ddr2 Cl5 Sodimm"
"R-AZ-00118-2019-EU","AZ-00078-2019-EU","2019-01-17 22:07:16","ST3500312CS","Seagate Pipeline HD ST3500312CS Interne Festplatte 500GB (8,9 cm (3,5 Zoll), 5900 rpm, SATA 3GB/s, 8MB Cache) bulk"
"R-AZ-00119-2019-EU","AZ-08535-2018-EU","2019-01-18 04:40:58","NJ-HPAB-I799","Samsung - Memoria RAM da 4GB (1 x 4GB) DDR3 1600MHz (PC3 12800S) SO Dimm per PC portatile"
"R-AZ-00120-2019-EU","AZ-00238-2019-EU","2019-01-18 11:12:15","ADATA_DDR3_1600","ADATA DDR3, 1600MHz 204-Pin, SO-DIMM, 4GB 4GB DDR3 1600MHz memoria"
"R-AZ-00121-2019-EU","AZ-08004-2018-EU","2019-01-18 15:42:06","6G-5UKX-IA09","Toshiba MK3276GSX HardDisk"
"R-AZ-00122-2019-EU","AZ-07648-2018-EU","2019-01-18 20:58:43","MT-2WAI-SN0C","Matrox M9120 Pciex 16 512Mb Ddr2"
"R-AZ-00123-2019-EU","AZ-00613-2019-EU","2019-01-18 21:31:42","5M-RAT5-REPF","Philips PL-C - Lampadina a luce bianca calda extra (827) 13 Watt 827, 2P G24d-1"
"R-AZ-00124-2019-EU","AZ-00827-2019-EU","2019-01-19 05:13:50","SGK-3040-KKMF1-IT","Cooler Master Masterkeys LITE L Tastiera, Nero"
"R-AZ-00125-2019-EU","AZ-08551-2018-EU","2019-01-20 04:33:33","WD10JPCX","Western Digital wd10jpcx-24ue4t0 1 TB DCM: hbktjbk"
"R-AZ-00126-2019-EU","AZ-07374-2018-EU","2019-01-20 22:17:40","EFC-1H8SPECSTD","Samsung Book - Funda Galaxy Tab II, rosa"
"R-AZ-00127-2019-EU","AZ-00095-2019-EU","2019-01-21 01:39:50","KVR16LS11/4GB","Kingston KVR16LS11/4 Arbeitsspeicher 4GB (DDR3L Non-ECC CL11 SODIMM 1,35V, 204-pin 1,5V)"
"R-AZ-00128-2019-EU","AZ-00493-2019-EU","2019-01-21 02:26:23","HMT351S6EFR8C-PB","4GB Hynix HMT351S6EFR8C-BP 204pin DDR3 RAM SO-DIMM, 1600Mhz, PC3-12800S, NEUW."
"R-AZ-00129-2019-EU","AZ-00710-2019-EU","2019-01-21 03:05:03","WD5000AAKX","Western Digital WD5000AAKX Blue 500GB interne Festplatte (8,9 cm (3,5 Zoll), 7200rpm, SATA 6 Gb/s, 16MB Cache)"
"R-AZ-00130-2019-EU","AZ-00647-2019-EU","2019-01-21 04:27:23","M470T5663QZ3_CF7","Samsung original SO-DDR2 2 GB 200 pin DDR2-800 (PC2-6400) 128Mx 8 x 16 doble (M470T5663QZ3 - CF7)"
"R-AZ-00131-2019-EU","AZ-00534-2019-EU","2019-01-21 06:02:06","KVR800D2S5-2G","Kingston ValueRAM KVR800D2S5/2G - Memoria RAM DDR2 PC2-6400 2 GB (800 MHz, CL5, 200-pin)"
"R-AZ-00132-2019-EU","AZ-07846-2018-EU","2019-01-21 06:07:19","M8-FAVN-34Q4","Nanya 4 GB (1 x 4 GB) DDR3 1333 MHz (PC3 10600S portátil) So DIMM Memoria RAM Memory"
"R-AZ-00133-2019-EU","AZ-00474-2019-EU","2019-01-21 06:43:27","KVR13S9S6-2G","Kingston KVR13S9S6/2 Memoria RAM da 2 GB, 1333 MHz, DDR3, Non-ECC CL9 SODIMM, 204-pin, 1.5 V"
"R-AZ-00134-2019-EU","AZ-00555-2019-EU","2019-01-21 06:59:34","ST3500312CS","Seagate ST3500312CS HDD, 500GB, Nero"
"R-AZ-00135-2019-EU","AZ-05090-2018-EU","2019-01-21 08:27:21","ST500DM002","Seagate Barracuda ST500DM002 500 GB Interna"
"R-AZ-00136-2019-EU","AZ-00285-2019-EU","2019-01-21 16:07:36","ST3500312CS","Seagate Pipeline HD ST3500312CS Interne Festplatte 500GB (8,9 cm (3,5 Zoll), 5900 rpm, SATA 3GB/s, 8MB Cache) bulk"
"R-AZ-00137-2019-EU","AZ-00979-2019-EU","2019-01-21 17:51:24","ST3500312CS","Seagate ST3500312CS HDD, 500GB, Nero"
"R-AZ-00138-2019-EU","AZ-08189-2018-EU","2019-01-21 18:53:09","KVR667D2N5","Kingston KVR667D2N5/2G RAM 2Go 667MHz DDR2 Non-ECC CL5 DIMM, 240-pin"
"R-AZ-00139-2019-EU","AZ-00168-2019-EU","2019-01-21 19:09:19","EF-BP520BAEGWW","Samsung EFBP520 Etui à rabat pour Samsung Galaxy Tab 3 10,1'' Marron"
"R-AZ-00140-2019-EU","AZ-01012-2019-EU","2019-01-22 01:21:59","SGK-3040-KKMF1-IT","Cooler Master Masterkeys LITE L Tastiera, Nero"
"R-AZ-00141-2019-EU","AZ-00526-2019-EU","2019-01-22 02:00:58","GEN_HDD_500_2.5","Disco duro interno de 500 GB para ordenadores portátiles, PS3 y Mac (2,5&quot;, SATA, 5400 RPM)"
"R-AZ-00142-2019-EU","AZ-03793-2018-EU","2019-01-22 02:08:40","MASTERBOX5_MSI","Cooler Master MasterBox 5 MSI Gaming Edition Case per PC 'ATX, microATX, Mini-ITX, USB 3.0, con Finestra Laterale' MCX-B5S2-KWNN-03-MI"
"R-AZ-00143-2019-EU","AZ-00167-2019-EU","2019-01-22 03:17:45","HTS541010A9E680","Hitachi HTS541010A9E680 HDD 2,5&quot;, 1 TB, Nero"
"R-AZ-00144-2019-EU","AZ-00644-2019-EU","2019-01-22 04:09:02","KVR800D2S5-2G","Kingston ValueRAM KVR800D2S5/2G - Memoria RAM DDR2 PC2-6400 2 GB (800 MHz, CL5, 200-pin)"
"R-AZ-00145-2019-EU","AZ-05939-2018-EU","2019-01-22 05:52:28","Gen_sodimm_2gb","Samsung - 2GB (1x 2GB) DDR2 667MHz (PC2 5300S) RAM Memory"
"R-AZ-00146-2019-EU","AZ-08180-2018-EU","2019-01-22 07:43:42","CT2C2G3S1067MCEU","Crucial CT2K2G3S1067M Kit Memoria da 4 GB da Mac (2 GBx2) DDR3, 1066 MT/s, PC3-8500, SODIMM, 204-Pin [Vecchio Modello]"
"R-AZ-00147-2019-EU","AZ-08112-2018-EU","2019-01-22 08:17:38","B9-O7UZ-HR7U","Cooler Master MasterWatt Lite 400 230V Alimentatore  'Non-Modulare, 80 Plus White, 400W' MPX-4001-ACABW-EU"
"R-AZ-00148-2019-EU","AZ-08503-2018-EU","2019-01-22 09:02:53","TW-UGS5-28P4","ICT 'Box Multimédia pour hardisk 3.5 SATA Player et Recorder"
"R-AZ-00149-2019-EU","AZ-00229-2019-EU","2019-01-22 09:03:00","GE-2JQI-6AUE","2 GB (1 x 2 Gb) DDR3 1333 MHz (PC3 10600S) So DIMM notebook laptop memoria RAM Hynix micron Elpida"
"R-AZ-00150-2019-EU","AZ-07586-2018-EU","2019-01-22 13:31:39","OD-HKHP-CBF6","Samsung, Hynix Nanya Elpida, Memoria RAM da 4GB (1 x 4 GB) DDR3, 1.600 MHz (PC3 12800S) SO Dimm, per portatile/notebook"
"R-AZ-00151-2019-EU","AZ-06776-2018-EU","2019-01-22 16:37:45","WS-1OG6-8H52","Cooler Master MasterWatt Lite 700 230V Alimentatore  'Non-Modulare, 80 Plus White, 700W' MPX-7001-ACABW-EU"
"R-AZ-00152-2019-EU","AZ-00473-2019-EU","2019-01-22 19:44:52","M378B5273DH0-CK0","Samsung 4GB DDR3 1600MHz 4Go DDR3 1600MHz module de mémoire - Modules de mémoire (4 Go, 1 x 4 Go, DDR3, 1600 MHz, 240-pin DIMM, Vert)"
"R-AZ-00153-2019-EU","AZ-00460-2019-EU","2019-01-22 19:46:48","7C-0NN3-SSNL","Philips Glühbirne Softone 8727900905243 5 W E27 B-Saving Lamp"
"R-AZ-00154-2019-EU","AZ-08150-2018-EU","2019-01-22 22:42:54","50-E2SP-Q2J4","Philips Softone 8YR 5W E27 Mini 827 (Warmweiß, 2700K)"
"R-AZ-00155-2019-EU","AZ-08355-2018-EU","2019-01-23 01:59:50","MQ01ABD100","Toshiba -MQ01ABD100- Disque dur interne 2,5'' 1000 Go SATA II"
"R-AZ-00156-2019-EU","AZ-00472-2019-EU","2019-01-23 04:27:18","KVR13S9S6-2G","Kingston KVR13S9S6/2 RAM 2Go 1333MHz DDR3 Non-ECC CL9 SODIMM 204-pin, 1.5V"
"R-AZ-00157-2019-EU","AZ-00368-2019-EU","2019-01-23 05:53:45","QO-RN20-M4XY","Cooler Master MasterWatt 750 EU Alimentatore 'Semi-Fanless Modular, 80 Plus Bronze, 750W' MPX-7501-AMAAB-EU"
"R-AZ-00158-2019-EU","AZ-08482-2018-EU","2019-01-23 07:56:00","NJ-HPAB-I799","Samsung - Memoria RAM da 4GB (1 x 4GB) DDR3 1600MHz (PC3 12800S) SO Dimm per PC portatile"
"R-AZ-00159-2019-EU","AZ-00386-2019-EU","2019-01-23 15:11:42","6I-X7UV-3JIT","Cooler Master MasterAir MA610P RGB Ventola per CPU '6 Heatpipes, 2 x MasterFan AB 120 RGB Ventola, LED RGB' MAP-T6PN-218PC-R1"
"R-AZ-00160-2019-EU","AZ-00441-2019-EU","2019-01-23 17:24:12","GE-2JQI-6AUE","Hynix Micron Elpida PC3 10600S Mémoire RAM DDR3 SO Dimm 2 Go 1333 MHz"
"R-AZ-00161-2019-EU","AZ-00531-2019-EU","2019-01-23 18:24:30","KVR667D2S5-2G","Kingston KVR667D2S5/2G RAM 2Go 667MHz DDR2 Non-ECC CL5 SODIMM, 200-pin, 1.8V"
"R-AZ-00162-2019-EU","AZ-00646-2019-EU","2019-01-24 03:03:22","ZN-7T1Y-XT2V","Western Digital WD5000BEVT Scorpio Blue - Disco duro interno de 500 GB (5400 rpm, 6,4 cm (2,5 pulgadas), caché de 8 MB, SATA)"
"R-AZ-00163-2019-EU","AZ-08409-2018-EU","2019-01-24 03:06:05","M8-FAVN-34Q4","Nanya Hynix Elpida Micron Samsung 4GB (1x 4GB) DDR3 1333MHz (PC3 10600S) SO Dimm Notebook Laptop Arbeitsspeicher RAM Memory"
"R-AZ-00164-2019-EU","AZ-00691-2019-EU","2019-01-24 04:24:36","MFY-RCSN-NNUDK-R1","Cooler Master MasterAccessory RGB Fan Controller Accessorio per Case per PC '16.7 milioni di colori, 4 Canali Output, Controllo Frequenza' MFY-RCSN-NN"
"R-AZ-00165-2019-EU","AZ-00081-2019-EU","2019-01-24 05:44:40","ST3500312CS","Seagate ST3500312CS Pipeline Disque dur interne 3,5&quot; SATA II 5900 tours/min 500 Go"
"R-AZ-00166-2019-EU","AZ-01113-2019-EU","2019-01-24 09:40:24","WJ-IDD5-E63Q","Matrox P690 Passiv Grafikkarte (PCI, 128MB DDR2 Speicher, Dual  DVI &amp; VGA, 1 GPU)"
"R-AZ-00167-2019-EU","AZ-00195-2019-EU","2019-01-24 09:56:36","M8-FAVN-34Q4","Nanya Hynix Elpida Micron Samsung 4GB (1x 4GB) DDR3 1333MHz (PC3 10600S) SO Dimm Notebook Laptop Arbeitsspeicher RAM Memory"
"R-AZ-00168-2019-EU","AZ-00764-2019-EU","2019-01-24 10:07:48","SGK-6020-KKCM1-IT","Cooler Master Masterkeys PRO L RGB SGK-6020-KKCM1-IT Tastiera"
"R-AZ-00169-2019-EU","AZ-06431-2018-EU","2019-01-24 12:30:18","QO-RN20-M4XY","Cooler Master MasterWatt 750 EU Alimentatore 'Semi-Fanless Modular, 80 Plus Bronze, 750W' MPX-7501-AMAAB-EU"
"R-AZ-00170-2019-EU","AZ-05424-2018-EU","2019-01-24 13:19:57","ST3500312CS","Seagate Pipeline HD ST3500312CS Interne Festplatte 500GB (8,9 cm (3,5 Zoll), 5900 rpm, SATA 3GB/s, 8MB Cache) bulk"
"R-AZ-00171-2019-EU","AZ-00443-2019-EU","2019-01-24 16:04:46","KVR16N11H-8G","Kingston KVR16N11H/8 Memoria RAM da 8 GB, DDR3, 1600 MHz, Verde"
"R-AZ-00172-2019-EU","AZ-05723-2018-EU","2019-01-24 20:11:37","Gen_sodimm_2gb","Samsung - 2GB (1x 2GB) DDR2 667MHz (PC2 5300S) RAM Memory"
"R-AZ-00173-2019-EU","AZ-08494-2018-EU","2019-01-24 21:50:35","KVR800D2S6-2G","Kingston KVR800D2S6/2G RAM 2Go 800MHz DDR2 Non-ECC CL6 SODIMM, 200-pin, 1.8V"
"R-AZ-00174-2019-EU","AZ-00515-2019-EU","2019-01-24 21:59:00","SGK-3040-KKMF1-IT","Cooler Master Masterkeys LITE L Tastiera, Nero"
"R-AZ-00175-2019-EU","AZ-08517-2018-EU","2019-01-25 07:42:12","920-006407","Logitech Type-S Custodia con Tastiera per Samsung Galaxy Tab S"
"R-AZ-00176-2019-EU","AZ-00877-2019-EU","2019-01-25 12:29:39","920-005809","Logitech Ultrathin Keyboard Cover Tab 3 Cover con Tastiera per Tablet/PDA/eBook Reader"
"R-AZ-00177-2019-EU","AZ-00227-2019-EU","2019-01-25 13:29:11","N5-W34Y-7EJL","Cooler Master Masterpulse Bianco con Bass FX Over-Ear Gaming Headset"
"R-AZ-00178-2019-EU","AZ-01143-2019-EU","2019-01-26 07:22:51","ST500DM002","Seagate Desktop HDD  500 GB; interne Festplatte; 3.5&quot;, SATA; 6GB/s, 16 MB Cache - ST500DM002"
"R-AZ-00179-2019-EU","AZ-01022-2019-EU","2019-01-28 07:54:17","KVR1333D3S9/2G","Kingston KVR1333D3S9/2G - Memoria RAM 2 GB PC1333 (DDR3)"
"R-AZ-00180-2019-EU","AZ-01149-2019-EU","2019-01-28 08:35:49","OM-LCVH-I3WQ","Philips Master LEDspot MV GU10 8 W Warm White - LED Lamp (Warm White, Grey, a, 50 - 60, 40 ma, 220 - 240)"
"R-AZ-00181-2019-EU","AZ-00852-2019-EU","2019-01-28 13:35:20","Generico-500gb","'DCL Value Disque Dur Interne de 500Go (SATA, 3,5)"
"R-AZ-00182-2019-EU","AZ-00974-2019-EU","2019-01-28 15:18:06","ST9500420AS","Seagate ST9500420AS Momentus 7200.4 HardDisk"
"R-AZ-00183-2019-EU","AZ-00709-2019-EU","2019-01-28 18:29:09","LV-SQIC-TJSP","Cooler Master V850 Alimentatore  'Modulare, 80 Plus Gold, 850W' RS850-AFBAG1-EU"
"R-AZ-00184-2019-EU","AZ-00093-2019-EU","2019-01-28 19:10:08","M8-FAVN-34Q4","Nanya 4Go (1 x 4Go) dDR3 (pC3 10600S 1333MHz sO-dimm rAM pour ordinateur portable memory"
"R-AZ-00185-2019-EU","AZ-01192-2019-EU","2019-01-29 01:23:41","MN-KUAJ-WFDI","Cooler Master V1200 Alimentatore  'Modulare, 80 Plus Platinum, 1200W' RSC00-AFBAG1-EU"
"R-AZ-00186-2019-EU","AZ-00166-2019-EU","2019-01-29 01:42:38","MSTERNOTEPALPRO","Cooler Master MasterNotepal Pro Notebook-Kühler '2x einstellbare 80mm Lüfter, USB Hub, Kompatibel mit bis zu 17 Zoll Laptops' MNY-SMTS-20FY-R1"
"R-AZ-00187-2019-EU","AZ-06346-2018-EU","2019-01-29 04:32:14","N5-W34Y-7EJL","Cooler Master Masterpulse Bianco con Bass FX Over-Ear Gaming Headset"
"R-AZ-00188-2019-EU","AZ-00406-2019-EU","2019-01-29 13:31:40","6I-X7UV-3JIT","Cooler Master MasterAir MA610P CPU Air Cooler '6 Heat Pipes, RGB Controller, 2x 120mm RGB Fans' MAP-T6PN-218PC-R1"
"R-AZ-00189-2019-EU","AZ-07425-2018-EU","2019-01-29 15:11:13","MK6476GSX","Toshiba MK1676GSX - 160 GB interne Festplatte (5400 RPM, SATA, 2,5 Zoll) 640GB Schwarz"
"R-AZ-00190-2019-EU","AZ-01189-2019-EU","2019-01-29 15:25:28","WD10EACS","Western Digital WD10EACS-KIT 1 TB 8,9 cm (3,5 Zoll) Festplatte intern SATA II Caviar Green Power"
"R-AZ-00191-2019-EU","AZ-08082-2018-EU","2019-01-29 15:41:37","6G-5UKX-IA09","Toshiba MK3276GSX 320GB interne Festplatte (6,3 cm (2,5 Zoll), 5400rpm, 8MB Cache, SATA)"
"R-AZ-00192-2019-EU","AZ-00010-2019-EU","2019-01-29 21:36:17","KVR667D2S5-2G","Kingston KVR667D2S5/2G RAM 2Go 667MHz DDR2 Non-ECC CL5 SODIMM, 200-pin, 1.8V"
"R-AZ-00193-2019-EU","AZ-01101-2019-EU","2019-01-30 04:53:06","ST95005620AS","Seagate ST95005620AS Momentus XT SATA SSHD 500 GB"
"R-AZ-00194-2019-EU","AZ-01147-2019-EU","2019-01-30 05:50:09","WD5000AAKX","Western Digital WD5000AAKX Blue 500GB interne Festplatte (8,9 cm (3,5 Zoll), 7200rpm, SATA 6 Gb/s, 16MB Cache)"
"R-AZ-00195-2019-EU","AZ-01370-2019-EU","2019-01-30 09:48:59","ST3500312CS","Seagate Pipeline HD ST3500312CS Interne Festplatte 500GB (8,9 cm (3,5 Zoll), 5900 rpm, SATA 3GB/s, 8MB Cache) bulk"
"R-AZ-00196-2019-EU","AZ-04519-2018-EU","2019-01-30 14:43:33","WD5000AAKX","WD WD5000AAKX Blu Hard Disk Desktop da 500 GB, 7200 RPM, SATA 6 GB/s, 16 MB Cache, 3.5 &quot;"
"R-AZ-00197-2019-EU","AZ-01328-2019-EU","2019-01-30 14:47:28","ST3500312CS","Seagate ST3500312CS HDD, 500GB, Nero"
"R-AZ-00198-2019-EU","AZ-00581-2019-EU","2019-01-30 15:24:52","STM3500320AS","Maxtor - Seagate STM3500320AS, Hard-Disk interno da 500GB, 8,9 cm (3,5&quot;), SATA, 7200 rpm, 32MB Cache"
"R-AZ-00199-2019-EU","AZ-00218-2019-EU","2019-01-30 15:40:46","LX-07S5-DJYO","Cooler Master Devastator III Tastiera a Membrana e Mouse, Retro-Illuminazione LED 7 Colori"
"R-AZ-00200-2019-EU","AZ-00430-2019-EU","2019-01-30 15:50:48","ST500DM002","Seagate Barracuda 3.5 inch 500GB 7200 RPM 16MB 6GB/S Internal SATA Drive"
"R-AZ-00201-2019-EU","AZ-01066-2019-EU","2019-01-30 17:17:28","SGB-3050-KKMF1-IT","CM Storm Bundle Gaming MasterSet MS120Combo with RGB - membrane Keyboard + Mouse"
"R-AZ-00202-2019-EU","AZ-01418-2019-EU","2019-01-30 17:20:50","GE-2JQI-6AUE","Hynix - Memoria RAM DDR3 SO-DIMM (PC3 10600S,1 x 2 GB, 1333 MHz, Hynix, Micron o Elpida)"
"R-AZ-00203-2019-EU","AZ-01132-2019-EU","2019-01-30 18:02:43","I9-7U9K-4OPW","ASRock FM2A68M-DG3+ Carte mère AMD Micro ATX Socket FM2+"
"R-AZ-00204-2019-EU","AZ-01428-2019-EU","2019-01-30 19:22:56","WD5000AAKX","WD Blue Disque dur interne (Bulk) Desktop Mainstream 500 Go 3,5 pouces SATA 7200 RPM"
"R-AZ-00205-2019-EU","AZ-00357-2019-EU","2019-01-30 21:02:56","NJ-HPAB-I799","Samsung 4GB (1x 4GB) DDR3 1600MHz (PC3 12800S) SO Dimm Notebook Laptop Arbeitsspeicher RAM Memory"
"R-AZ-00206-2019-EU","AZ-00700-2019-EU","2019-01-31 02:27:54","WD5000AAKX","Western Digital WD5000AAKX Blue 500GB interne Festplatte (8,9 cm (3,5 Zoll), 7200rpm, SATA 6 Gb/s, 16MB Cache)"
"R-AZ-00207-2019-EU","AZ-05157-2018-EU","2019-01-31 04:57:36","ST500DM002","Seagate ST500DM002 Barracuda Disque dur interne 3,5&quot; SATA III 7200 tours / min 500 Go"
"R-AZ-00208-2019-EU","AZ-07428-2018-EU","2019-01-31 06:24:54","KVR1333D3S9/2G","Kingston Memoria RAM, 1333 MHz, DDR3, Non-ECC CL9 SODIMM, 204-pin, 1.5 V, 2 GB"
"R-AZ-00209-2019-EU","AZ-08191-2018-EU","2019-01-31 19:33:53","10-KO5C-JEVD","WD WD5000LPVX Blu Hard Disk Mobile da 500 GB, 5400 RPM, SATA 6 GB/s, 2.5 &quot;, 7.0 mm"